k,wcss,silhouette
2,2354.1264498871587,0.20785559230645018
3,1938.765595163534,0.21374839702878223
4,1623.083464972992,0.2270713862154527
5,1445.8699106047256,0.22371294449378404
6,1285.6521182567703,0.22052865624966386
7,1195.624411899431,0.22495748396365836
8,1117.4267495455215,0.19893478294105557
9,1046.930941345722,0.21181212352669998
10,982.0786874863525,0.21446572370985562
