{
  "dataset": "DefendIntelligence/vessel-detection-labeled-patches",
  "convert": {
    "counts": {
      "train": {
        "img": 851,
        "box": 1067
      },
      "val": {
        "img": 100,
        "box": 118
      },
      "test": {
        "img": 125,
        "box": 162
      }
    },
    "n_hard_negatives_added_to_train": 844,
    "data_yaml": "data/yolo_vessels/data.yaml"
  },
  "training": {
    "device": "mps",
    "epochs": 30,
    "imgsz": 512,
    "batch": 16,
    "train_seconds": 2682.2,
    "val": {
      "mAP50": 0.7758870803867913,
      "mAP50_95": 0.3699240118512303,
      "precision": 0.6986994592670823,
      "recall": 0.7664471820749609
    },
    "best_weights": "models/yolo_vessels_best.pt",
    "run_dir": "outputs/yolo_runs/vessels_finetune",
    "test": {
      "mAP50": 0.7292050103849653,
      "mAP50_95": 0.369539828169822,
      "precision": 0.707605516685658,
      "recall": 0.6573042863257792
    }
  }
}